SUS1,Comedy,rG5Op069fqY
SUS2,Comedy,x3uUhDRwsc8
SUS3,Comedy,-IQK7Owcrh4
SUS4,Comedy,JgC_Qse9Zr0
SUS5,Comedy,ZqCtRhNmflM
SUS6,Comedy,8N5wssPlSdE
SUS7,Comedy,vuYmCRlILcM
SUS8,Comedy,RUI1k-KHXNk
SUS9,Comedy,sntGta76v6Y
SUS0,Comedy,4OCHLy5rP58
SU1,Horror,rG5Op069fqY
SU2,Action,x3uUhDRwsc8
SU3,Drama,-IQK7Owcrh4
SU4,Science Fiction,JgC_Qse9Zr0
SU5,Romance,ZqCtRhNmflM
SU6,Horror,8N5wssPlSdE
SU7,Horror,vuYmCRlILcM
SU8,Horror,RUI1k-KHXNk
SU9,Horror,sntGta76v6Y
SU0,Horror,4OCHLy5rP58
SUS1,Comedy,rG5Op069fqY
SUS2,Comedy,x3uUhDRwsc8
SUS3,Comedy,-IQK7Owcrh4
SUS4,Comedy,JgC_Qse9Zr0
SUS5,Comedy,ZqCtRhNmflM
SUS6,Comedy,8N5wssPlSdE
SUS7,Comedy,vuYmCRlILcM
SUS8,Comedy,RUI1k-KHXNk
SUS9,Comedy,sntGta76v6Y
SUS0,Comedy,4OCHLy5rP58
SU1,Horror,rG5Op069fqY
SU2,Action,x3uUhDRwsc8
SU3,Drama,-IQK7Owcrh4
SU4,Science Fiction,JgC_Qse9Zr0
SU5,Romance,ZqCtRhNmflM
SU6,Horror,8N5wssPlSdE
SU7,Horror,vuYmCRlILcM
SU8,Horror,RUI1k-KHXNk
SU9,Horror,sntGta76v6Y
SU0,Horror,4OCHLy5rP58